,selection,recommendations
0,/Gamers/Shooter Game Fans,/Entertainment/Games/First-person shooter games
1,/Gamers/Shooter Game Fans,/Entertainment/Games/Shooter games
2,/Gamers/Shooter Game Fans,/Entertainment/Games/Puzzle video games
3,/Gamers/Shooter Game Fans,/Entertainment/Games/Massively multiplayer online games
4,/Gamers/Shooter Game Fans,/Entertainment/Games/Massively multiplayer online role-playing games
0,/Gamers/Shooter Game Fans,/Entertainment/Games/First-person shooter games
1,/Gamers/Shooter Game Fans,/Entertainment/Games/Shooter games
2,/Gamers/Shooter Game Fans,/Entertainment/Games/Puzzle video games
3,/Gamers/Shooter Game Fans,/Entertainment/Games/Massively multiplayer online games
4,/Gamers/Shooter Game Fans,/Entertainment/Games/Massively multiplayer online role-playing games
0,/Gamers/Shooter Game Fans,/Entertainment/Games/First-person shooter games
1,/Gamers/Shooter Game Fans,/Entertainment/Games/Shooter games
2,/Gamers/Shooter Game Fans,/Entertainment/Games/Puzzle video games
3,/Gamers/Shooter Game Fans,/Entertainment/Games/Massively multiplayer online games
4,/Gamers/Shooter Game Fans,/Entertainment/Games/Massively multiplayer online role-playing games
0,/Gamers/Shooter Game Fans,/Entertainment/Games/First-person shooter games
1,/Gamers/Shooter Game Fans,/Entertainment/Games/Shooter games
2,/Gamers/Shooter Game Fans,/Entertainment/Games/Puzzle video games
3,/Gamers/Shooter Game Fans,/Entertainment/Games/Massively multiplayer online games
4,/Gamers/Shooter Game Fans,/Entertainment/Games/Massively multiplayer online role-playing games
0,/Gamers/Shooter Game Fans,/Entertainment/Games/First-person shooter games
1,/Gamers/Shooter Game Fans,/Entertainment/Games/Shooter games
2,/Gamers/Shooter Game Fans,/Entertainment/Games/Puzzle video games
3,/Gamers/Shooter Game Fans,/Entertainment/Games/Massively multiplayer online games
4,/Gamers/Shooter Game Fans,/Entertainment/Games/Massively multiplayer online role-playing games
0,/Gamers/Shooter Game Fans,/Entertainment/Games/First-person shooter games
1,/Gamers/Shooter Game Fans,/Entertainment/Games/Shooter games
2,/Gamers/Shooter Game Fans,/Entertainment/Games/Puzzle video games
3,/Gamers/Shooter Game Fans,/Entertainment/Games/Massively multiplayer online games
4,/Gamers/Shooter Game Fans,/Entertainment/Games/Massively multiplayer online role-playing games
0,/Gamers/Shooter Game Fans,/Entertainment/Games/First-person shooter games
1,/Gamers/Shooter Game Fans,/Entertainment/Games/Shooter games
2,/Gamers/Shooter Game Fans,/Entertainment/Games/Puzzle video games
3,/Gamers/Shooter Game Fans,/Entertainment/Games/Massively multiplayer online games
4,/Gamers/Shooter Game Fans,/Entertainment/Games/Massively multiplayer online role-playing games
0,/Gamers/Shooter Game Fans,/Entertainment/Games/First-person shooter games
1,/Gamers/Shooter Game Fans,/Entertainment/Games/Shooter games
2,/Gamers/Shooter Game Fans,/Entertainment/Games/Puzzle video games
3,/Gamers/Shooter Game Fans,/Entertainment/Games/Massively multiplayer online games
4,/Gamers/Shooter Game Fans,/Entertainment/Games/Massively multiplayer online role-playing games
0,/Gamers/Shooter Game Fans,/Entertainment/Games/First-person shooter games
1,/Gamers/Shooter Game Fans,/Entertainment/Games/Shooter games
2,/Gamers/Shooter Game Fans,/Entertainment/Games/Puzzle video games
3,/Gamers/Shooter Game Fans,/Entertainment/Games/Massively multiplayer online games
4,/Gamers/Shooter Game Fans,/Entertainment/Games/Massively multiplayer online role-playing games
0,/Gamers/Shooter Game Fans,/Entertainment/Games/First-person shooter games
1,/Gamers/Shooter Game Fans,/Entertainment/Games/Shooter games
2,/Gamers/Shooter Game Fans,/Entertainment/Games/Puzzle video games
3,/Gamers/Shooter Game Fans,/Entertainment/Games/Massively multiplayer online games
4,/Gamers/Shooter Game Fans,/Entertainment/Games/Massively multiplayer online role-playing games
